"m00","m10","m01","m11"
-0.0003926965895599054,0.0899988576890317,-0.00031391665114531087,0.05713592804651327
-0.0033866655397974295,0.08988682903736288,-0.004104390549881256,0.057208379816129994
-0.006377213750948179,0.08957566353406414,-0.007920836267254632,0.05698922355608601
-0.00934900492110049,0.089064661653993,-0.011736033087563096,0.05647608970058966
-0.01228665072759903,0.08835454884673524,-0.015522862162162497,0.05566960948030616
-0.01517486563610545,0.0874474610729025,-0.019254687131849368,0.05457330130371134
-0.017998614568278525,0.0863469112617663,-0.02290569595754782,0.053193408273585784
-0.020743251102003684,0.08505773885146886,-0.02645119895389653,0.051538697099155
-0.023394644416561926,0.08358604477910404,-0.029867880430435038,0.04962022857700754
-0.02593929371767085,0.08193911437412658,-0.0331340034533319,0.04745110925006516
-0.028364429361667016,0.08012533059229658,-0.036229568983501506,0.04504623294082181
-0.030658100328873332,0.07815407992854545,-0.03913643199960806,0.04242201971500001
-0.03280924806405622,0.07603565318618134,-0.041838378187700274,0.03959615857963359
-0.034807767003128647,0.07378114307604165,-0.044321165400237776,0.03658735894138723
-0.03664455234027404,0.07140234038999682,-0.046572534404775684,0.03341511462118941
-0.038311535762126966,0.06891163025345363,-0.048582193506111516,0.03009948308660092
-0.03980170999141227,0.06632188972315516,-0.050341781492097996,0.026660881556352573
-0.04110914304856185,0.06364638776888837,-0.0518448130727303,0.023119900765233528
-0.04222898316380064,0.06089868846729989,-0.05308661059926343,0.01949713645217297
-0.04315745526115873,0.05809255804724424,-0.05406422540661495,0.015813038041796068
-0.043891849896543524,0.05524187626159602,-0.05477635164447109,0.012087773509299737
-0.04443050546960745,0.05236055242127744,-0.05522323497440199,0.008341109025416899
-0.04477278444762121,0.04946244631380598,-0.055406578023961726,0.00459230163914786
-0.04491904424088562,0.04656129414057129,-0.05532944400832205,0.0008600029273535386
-0.04487060325260284,0.04367063954418108,-0.05499615944748444,-0.002837828835199755
-0.04462970248770399,0.040803769760059234,-0.05441221640543807,-0.006484010936475728
-0.04419946293534942,0.03797365691673048,-0.053584174116420115,-0.010062216630260185
-0.04358383872145982,0.03519290453150459,-0.05251955917724604,-0.013557058617114835
-0.04278756572949598,0.032473699311567565,-0.051226762548986136,-0.016954182581177132
-0.04181610495448451,0.029827768492171988,-0.04971493021510493,-0.020240381268125652
-0.040675579187406115,0.027266343156188803,-0.047993842073290716,-0.023403745778354624
-0.005102334690459968,0.08985496523090182,-0.003303749869427599,0.057041196114742135
-0.00808633738369213,0.08958639788263434,-0.007092820888064603,0.056915170515622435
-0.011056502008290406,0.08911914562052187,-0.010892566546786449,0.056496577265547944
-0.013997476669893262,0.08845331251812376,-0.014675679421442087,0.055784474668321204
-0.016893932102100034,0.08759042839340274,-0.018415110864881314,0.05478091238040282
-0.019730715506413383,0.08653342626276692,-0.02208444516138672,0.05349079802774263
-0.022492996262054248,0.08528660111634236,-0.025658232385135073,0.051921717054912456
-0.02516640129594301,0.08385555229449725,-0.029112275501230325,0.05008371631496169
-0.027737138451536615,0.08224711192321667,-0.03242386964991972,0.04798906169499585
-0.030192106721605924,0.0804692619246451,-0.03557199363054777,0.04565197939909425
-0.03251899269284573,0.07853104207750344,-0.038537455294452794,0.04308838950711778
-0.03470635297522747,0.07644245148090176,-0.041302993847264935,0.0403156392187034
-0.036743682747907916,0.0742143455950233,-0.04385334296727939,0.03735224189034122
-0.03862147084375821,0.07185833081288913,-0.046175259200020524,0.03421762666451286
-0.04033124201714813,0.0693866582762189,-0.04825752034165024,0.030931902245198022
-0.04186558719943529,0.06681211839993008,-0.05009089852811985,0.02751563723760361
-0.04321818264965413,0.06414793732576592,-0.05166811256070212,0.02398965847140585
-0.044383798962033684,0.061407676294671566,-0.052983763673049085,0.02037486787635868
-0.04535830090489771,0.05860513471621128,-0.05403425852466363,0.01669207777487147
-0.04613863904463734,0.05575425752531115,-0.05481772273169765,0.012961863887546507
-0.04672283406050115,0.05286904725447322,-0.05533390774372772,0.00920443489299801
-0.04710995458639505,0.04996348111383655,-0.055584093367101156,0.005439517016174377
-0.04730008932853776,0.04705143326244737,-0.05557098773205284,0.0016862518063214887
-0.04729431410464507,0.04414660237129718,-0.055298626003834485,-0.0020368950373353166
-0.04709465433058266,0.04126244452201242,-0.054772268636585915,-0.00571221628378142
-0.04670404334023548,0.03841211145518393,-0.053998299441277466,-0.009322840201712694
-0.04612627675430279,0.035608394181532915,-0.052984123138820755,-0.012852805703948561
-0.04536596289684775,0.03286367200272821,-0.05173806132012075,-0.016287140490448954
-0.04442846896393835,0.030189867067506464,-0.0502692446935733,-0.01961194906641526
-0.043319862222571365,0.027598404732952702,-0.04858749792267726,-0.022814520941401902
-0.042046844862114144,0.025100180248011902,-0.04670321076575746,-0.025883475376830625
-0.00979798764663237,0.08946478655883634,-0.006284527738957242,0.05679011822930536
-0.012763845138898966,0.08904041663840337,-0.010061810297213501,0.056465960688856176
-0.015705485162158264,0.0884183583234501,-0.013834441058545165,0.05584907778375386
-0.01860758230808604,0.08759951900097633,-0.017575100738116797,0.05493995826851797
-0.021454908382996282,0.08658622866419938,-0.021256885028740968,0.05374206460743937
-0.02423248485698913,0.08538220934612913,-0.024853671261810442,0.052261680192479086
-0.0269257262165486,0.08399252632547721,-0.028340441381236533,0.05050771201882621
-0.029520572133230262,0.08242352349743318,-0.0316935573249841,0.0484914595456251
-0.03200360691800842,0.08068274545049392,-0.03489098729645211,0.04622636013055772
-0.034362165259653014,0.07877884882159583,-0.03791248344580154,0.043727720645819534
-0.036584423725428146,0.07672150543501904,-0.040739713119147807,0.041012443792812076
-0.03865947792049155,0.07452129958721497,-0.04335634705972022,0.03809875635761432
-0.04057740555137777,0.07218962164117994,-0.0457481087819976,0.03500594530234892
-0.04232931591735802,0.06973855985980523,-0.04790278982394069,0.03175410625138985
-0.04390738656305218,0.06718079215512913,-0.049810235769608774,0.02836390767520243
-0.04530488797228231,0.06452947917394124,-0.05146230787903871,0.024856372939526025
-0.04651619727332456,0.06179815989104814,-0.05285282492418273,0.02125268140008789
-0.04753680196764195,0.059000650648141396,-0.05397748945999729,0.017573988890875605
-0.04836329469603914,0.05615094836447104,-0.054833802303321626,0.013841267272639648
-0.04899336002556325,0.05326313845894468,-0.05542096848910551,0.010075162165348223
-0.04942575418397555,0.05035130786371981,-0.05573979744807314,0.006295867560445359
-0.04966027859224483,0.04742946337759433,-0.05579259962348425,0.002523015668888279
-0.04969774795240429,0.04451145550303201,-0.055583081225461704,-0.0012244199254958722
-0.04953995354084314,0.04161090783352698,-0.05511623830923101,-0.004928210014309711
-0.04918962223456441,0.03874115200753444,-0.0543982508445282,-0.008570946944582294
-0.04865037165633914,0.03591516822281252,-0.05343637689172413,-0.0121361162099802
-0.0479266616548819,0.03314553131300242,-0.05223884636257937,-0.015608166130587941
-0.047023742121293365,0.03044436243332583,-0.05081475303318456,-0.018972580443803948
-0.04594759685314642,0.027823286496290307,-0.04917394233262846,-0.022215960562475264
-0.04470488275944175,0.025293395664709353,-0.04732689067571908,-0.025326127598595687
-0.04330286305770509,0.022865219490472388,-0.04528456920381614,-0.02829226016843726
-0.014466784999715163,0.08882939112542478,-0.009248080154788348,0.056383382577234666
-0.01740636808177598,0.08825038180128109,-0.013003220983719765,0.05586198158874274
-0.020311420672870832,0.08747522245208926,-0.016738396328985185,0.05504849986177697
-0.023166685856568826,0.0865056212912068,-0.02042634992530098,0.05394485526193036
-0.02595707825132593,0.08534470210075402,-0.02404039554828211,0.052555913570952184
-0.028667834650945294,0.08399696572850927,-0.02755477517685906,0.05088931672447347
-0.03128465462706543,0.08246823385819373,-0.030944971197431833,0.04895526885484446
-0.03379382913424789,0.0807655775516432,-0.03418796931110253,0.046766291056274036
-0.036182355722456816,0.07889723318067031,-0.037262471172048756,0.04433695532615521
-0.03843803949120412,0.07687250836976924,-0.040149057779195016,0.04168360724973228
-0.04054957939552924,0.0747016804789762,-0.04283030622196452,0.03882408582080913
-0.04250663992395899,0.07239588999126503,-0.04529086353854911,0.03577744745356038
-0.04429990850672767,0.06996703095225204,-0.04751748221045421,0.032563699851516456
-0.04592113927829952,0.06742764036160666,-0.049499022230635445,0.029203550040232052
-0.047363184014344216,0.06479078815241315,-0.05122642480358418,0.025718169605819595
-0.04862001119629572,0.062069969130919674,-0.05269266262116303,0.022128979050966772
-0.049686714233566416,0.0592789979956017,-0.05389267136830326,0.018457452206308927
-0.05055950990329019,0.05643190831926265,-0.05482326670026232,0.014724940823394997
-0.051235728058106354,0.05354285616626341,-0.055483050441318,0.010952518818909284
-0.051713793612140374,0.05062602883233091,-0.05587230922414991,0.0071608451239717
-0.05199320175076838,0.04769555903798433,-0.05599290824203797,0.003370043692531265
-0.05207448722631115,0.04476544477901034,-0.055848182242395614,-0.00040040108897364035
-0.05195918850357679,0.041849474938032136,-0.05544282535676548,-0.004131735607405674
-0.05164980740786051,0.038961160689720366,-0.05478278083650605,-0.007806017110190736
-0.05114976480312404,0.03611367268826524,-0.05387513122808187,-0.011406185235566562
-0.05046335268537492,0.033319784010769966,-0.0527279889474283,-0.014916127967286356
-0.049595682907200365,0.030591818847057334,-0.05135038653953394,-0.01832074565877583
-0.04855263253716175,0.02794160698265225,-0.049752165040275596,-0.021606017872931132
-0.04734078557315308,0.025380444230759674,-0.0479438576137881,-0.024759079654843228
-0.045967370320063435,0.022919059157066966,-0.04593656371107074,-0.02776831710044024
-0.04444019111559587,0.020567586755649292,-0.043741805785379034,-0.03062349784149362
-0.01909592990068383,0.0879505205053846,-0.012186284225741261,0.05582210399268115
-0.02200118137964255,0.08721845880184094,-0.01590899074535639,0.055104888680013515
-0.02486168399134268,0.08629232307630577,-0.019596472818556632,0.054097037828052204
-0.027662291129411782,0.08517461768640015,-0.023221611907156547,0.052801893156730756
-0.03038810157241723,0.08386925164107871,-0.02675801301465649,0.051225710428483597
-0.03302460790279653,0.08238149226637656,-0.030180353368461282,0.04937746917659859
-0.035557833973813194,0.0807179016941931,-0.03346468299853438,0.047268642701771245
-0.03797445959858164,0.07888625877172202,-0.0365886744497145,0.04491293941382288
-0.040261931204867596,0.07689546907877137,-0.03953182120424205,0.042326026009028385
-0.04240855772829649,0.07475546571583604,-0.04227558633594238,0.03952524198356545
-0.04440359148706852,0.07247710340918269,-0.04480350443253021,0.036529313728202284
-0.04623729418198596,0.07007204829301873,-0.047101240908546185,0.03335807505289662
-0.04790098849210302,0.06755266549482492,-0.049156613523071976,0.030032199562866454
-0.0493870959884102,0.06493190638800769,-0.05095958125802869,0.026572948928327594
-0.05068916227042669,0.062223197102920416,-0.05250220576788537,0.023001939821196825
-0.051801870349149085,0.05944032961693357,-0.053778590437664586,0.019340931168995462
-0.052721043363766706,0.05659735648707497,-0.05478480174623502,0.015611632418993868
-0.05344363773663879,0.05370849005220888,-0.055518777177222166,0.011835532716634713
-0.053967727850912674,0.05078800672101663,-0.055980223394635605,0.008033750272395905
-0.05429248328500238,0.04785015677965659,-0.05617050784324647,0.004226900703853887
-0.054418139565558646,0.04490908000019846,-0.056092546366531985,0.0004349827691049878
-0.054345963310537766,0.04197872720788963,-0.05575068887573991,-0.0033227203752840806
-0.054078212530690846,0.03907278787114441,-0.0551506045575491,-0.007027726489210223
-0.05361809274289872,0.03620462371261605,-0.05429916756940932,-0.010662428455761456
-0.05296970942172786,0.033387208302385445,-0.0532043436217532,-0.014210159965653708
-0.052138017172356825,0.03063307258678066,-0.05187507725050397,-0.01765525565464189
-0.05112876584001951,0.027954256332059533,-0.05032117887630786,-0.02098310929657123
-0.04994844356209205,0.02536226552943466,-0.04855320982122101,-0.024180234708882767
-0.048604216490516265,0.02286803593176246,-0.04658236211376539,-0.027234335830860792
-0.04710386451378394,0.02048190310135886,-0.04442032781830184,-0.03013439557526416
-0.045455711698633654,0.018213579695163955,-0.04207914911774006,-0.03287079863557921
-0.023672734185141896,0.08683058362202287,-0.015091086538689258,0.0551078209012299
-0.02653569096863707,0.0859474760693237,-0.018771155069179903,0.05419675710170578
-0.029343803162117765,0.08487290244109441,-0.02240083673827014,0.052997299573880594
-0.03208207598505979,0.08361015637494812,-0.025953225064892036,0.051514204732602854
-0.03473583321935734,0.08216392139235228,-0.02940228862727938,0.04975510117438568
-0.03729086299990804,0.0805402168602258,-0.032723209309288716,0.047730281417897036
-0.0397335517692442,0.07874632737229795,-0.03589267042963889,0.04545245648465323
-0.042051004708739584,0.07679071823983973,-0.0388890925749088,0.04293648452629874
-0.044231151532429736,0.07468293984108183,-0.041692817262340545,0.040199083996657246
-0.0462628370564537,0.07243352352657939,-0.04428624044908309,0.03725854077648748
-0.04813589642080703,0.07005387163678242,-0.046653899351694866,0.03413441732578782
-0.04984121523059023,0.06755614398106277,-0.048782517051184075,0.03084727048720329
-0.05137077519759019,0.06495314287681872,-0.05066100997485962,0.027418383102726204
-0.05271768610128619,0.06225819857237488,-0.052280463615353254,0.023869513210473134
-0.05387620505609434,0.05948505659526101,-0.053634081835556624,0.02022266331836823
-0.0548417441760917,0.05664776829112706,-0.05471711487588021,0.016499871139060495
-0.05561086777871154,0.053760585558463504,-0.05552677079062367,0.012723022232369785
-0.0561812802737851,0.050837860547165624,-0.05606211454500179,0.0089136842373769
-0.056551805852940826,0.04789395087958946,-0.056323958446764404,0.005092961774804975
-0.05672236103501658,0.04494313077328215,-0.05631474700470991,0.001281370642715562
-0.05669392104236943,0.0419995082957333,-0.05603843872037848,-0.0025012704118561324
-0.05646848088688454,0.03907694886340764,-0.05550038674605873,-0.006235932316004051
-0.05604901193620275,0.036189005008626055,-0.05470721978471139,-0.009904454861196888
-0.055439414612690266,0.03334885237847473,-0.05366672405829619,-0.01348961482607202
-0.05464446774869876,0.030569231899271184,-0.052387726607746044,-0.016975185635010902
-0.053669774978351605,0.027862398040116094,-0.0508799795726296,-0.020345991513449187
-0.05252170837959742,0.02524007314353923,-0.04915404435956164,-0.02358795969030243
-0.051207349375102275,0.022713407869314573,-0.04722117362893934,-0.02668817520224612
-0.04973442662892693,0.02029294793581826,-0.04509318759708951,-0.029634944585401415
-0.048111250289032,0.017988607572932584,-0.04278233889460116,-0.03241787776643221
-0.046346641335502876,0.015809650478746783,-0.04030115642725505,-0.03502800285542685
-0.02818465315067148,0.08547265014446509,-0.017954525232403176,0.054242491103185755
-0.030997468073157917,0.08444091727902908,-0.02158186896172541,0.05314007597935314
-0.033745493008084056,0.08322085107972749,-0.025143801521541994,0.05175229940537319
-0.036413926100426375,0.08181652543653592,-0.028613702236708834,0.05008531945401193
-0.03898835636190054,0.08023338554622654,-0.03196597461050824,0.04814811664640371
-0.04145490643358855,0.07847818631793588,-0.03517637320796125,0.04595226827551869
-0.04380036266111848,0.07655891484065763,-0.03822227854596538,0.04351168824367373
-0.046012290937918095,0.07448469968691358,-0.04108291840050517,0.040842343719167395
-0.04807913734810766,0.0722657098564267,-0.043739536206354984,0.03796195908925464
-0.04999031316392164,0.06991304608412138,-0.0461755090554494,0.03488971649894959
-0.05173626420833765,0.06743862707160302,-0.048376419175609954,0.031645960858137055
-0.05330852497266445,0.06485507297422032,-0.050330083705412774,0.02825191569727462
-0.05469975817899565,0.06217558820901728,-0.05202654811970693,0.024729414760330592
-0.05590378070091457,0.05941384536196277,-0.053458048855876884,0.021100652816059825
-0.056915576908589574,0.056583871682222564,-0.05461895061297673,0.01738795790104412
-0.057731300594246165,0.053699939369967246,-0.055505663505561,0.013613586109226755
-0.05834826667053833,0.050776460601683886,-0.056116544815898145,0.009799539126173219
-0.058764933826808155,0.04782788800005188,-0.056451789553643474,0.005967403969206149
-0.05898087928599183,0.04486862104786437,-0.056513313443821635,0.0021382138229969917
-0.05899676673615143,0.041912918769410834,-0.056304631359023104,-0.001667671566288499
-0.05881430842234698,0.0389748188583748,-0.05583073360887849,-0.00543066778448045
-0.05843622228219129,0.03606806331829187,-0.05509796191409097,-0.009132051999699445
-0.05786618489591246,0.03320603059884135,-0.05411388632509746,-0.012754035810861541
-0.05710878090057081,0.030401674158010542,-0.052887183786867215,-0.01627982709979635
-0.056169449387855855,0.02766746735635936,-0.05142751847653284,-0.019693683500474138
-0.05505442766166606,0.02501535459711265,-0.04974542340736949,-0.0229809604237523
-0.05377069256724316,0.022456708668944107,-0.04785218202388325,-0.026128157126102912
-0.052325899402850734,0.02000229433701227,-0.04575970748204287,-0.02912296526245136
-0.05072831816094069,0.017662238380126108,-0.043480415787598474,-0.03195432601673234
-0.04898676647140647,0.015446006521520369,-0.041027086553754956,-0.03461250480798116
-0.047110538049982824,0.013362388109279805,-0.038412701068301025,-0.03708919775421342
-0.03261931994099734,0.0838804420739812,-0.02076875182045823,0.05322848640737837
-0.035374283272291654,0.08270291180387707,-0.02433342845158386,0.05193774160246177
-0.03805468880333356,0.08134069715015006,-0.027817848892571592,0.05036544978145532
-0.04064596817544877,0.07979864108888862,-0.031195751239609885,0.04851915379618478
-0.04313401512969457,0.07808293556726258,-0.03444204407925364,0.04640916147742834
-0.04550532485022682,0.07620105252189045,-0.037533121112752935,0.04404830315990282
-0.04774711980345484,0.07416165964497518,-0.04044712205359322,0.041451657489679675
-0.04984746067590161,0.07197452374950329,-0.04316413880240124,0.03863625688681634
-0.051795341590248185,0.06965040458417501,-0.04566636812192342,0.03562078309069214
-0.05358076929778666,0.06720094184193547,-0.047938213801117686,0.03242526193364293
-0.05519482649180745,0.06463853791721344,-0.04996634259716798,0.029070765011456952
-0.05662971975320884,0.061976238720366096,-0.05173969909860753,0.025579124370183278
-0.05787881292535643,0.059227614575700624,-0.05324948511247869,0.02197266481099798
-0.05893664692345722,0.056406642931211476,-0.054489109300309986,0.018273956998963933
-0.059798947120921465,0.053527594309992974,-0.055454112643282615,0.014505593299734663
-0.06046261953031647,0.050604922647624076,-0.05614207496972312,0.010689987186137086
-0.060925737019148746,0.047653160895816254,-0.05655250729244245,0.006849196164390017
-0.061187516780905005,0.04468682253640178,-0.05668673413103544,0.0030047674615471835
-0.061248290228619724,0.04172030944462043,-0.0565477693769213,-0.0008223948242744346
-0.0611094664004697,0.03876782636851969,-0.056140188632467926,-0.004612142803446498
-0.0607734898710622,0.03584330215162628,-0.0554700003373025,-0.008345180074188266
-0.060243794054066775,0.03296031771867596,-0.05454451739833035,-0.012003141363626398
-0.05952475066504366,0.030132040767305135,-0.05337223046447563,-0.015568658834888947
-0.05862161598957648,0.02737116706186956,-0.05196268342082093,-0.019025417499036728
-0.057540474470523975,0.02468986820856229,-0.05032635109185956,-0.022358202348352774
-0.056288179985538415,0.02209974580595116,-0.04847451849431298,-0.025552940118919336
-0.054872295024109334,0.019611791916831326,-0.046419160183440916,-0.02859673909936579
-0.053301027777457835,0.017236355906272052,-0.04417281715765803,-0.03147793129918584
-0.05158316689895065,0.014983117856718223,-0.0417484671807203,-0.034186122861571626
-0.04972801333190423,0.012861069039869645,-0.039159381820422945,-0.03671226137973745
-0.047745308054274266,0.010878500362813627,-0.03641895916575342,-0.0390487337399943
-0.03696457944271499,0.08205832354224987,-0.02352605270339109,0.05206858613019378
-0.039654140019821954,0.08073822339609918,-0.027018291705452828,0.05059304948598782
-0.04225957934172646,0.07923759402362592,-0.03041564947337947,0.048840551960545486
-0.044766602476976745,0.07756203421276969,-0.03369229485675272,0.046820000510327815
-0.04716144656023836,0.07571846568940381,-0.0368237102992162,0.04454300202270472
-0.04943101633449443,0.07371505693756966,-0.039786993341465585,0.04202360470708295
-0.051563005409284206,0.07156113249513658,-0.04256110281111839,0.039278010623775866
-0.053546001989038874,0.06926707064539961,-0.04512704930014173,0.03632427075991168
-0.05536957840134966,0.06684419239431352,-0.047468031696701204,0.033181973001647574
-0.057024364267369586,0.06430464448925513,-0.04956952323489922,0.02987193197922963
-0.05850210359242257,0.061661279023375884,-0.05141931174678735,0.02641588821856559
-0.05979569640820753,0.05892753190410907,-0.053007499572956106,0.022836222441177757
-0.06089922586860925,0.056117302167705545,-0.05432646896788423,0.01915568931471867
-0.061807971893432706,0.05324483381297774,-0.055370818883642516,0.01539717353594398
-0.06251841257578504,0.05032460152243057,-0.05613727880540188,0.01158346987546342
-0.06302821462897343,0.04737120134982057,-0.05662460490878316,0.007737087751220551
-0.0633362141575012,0.04439924718827605,-0.05683346327741519,0.0038800800320017855
-0.06344238900461144,0.04142327359832925,-0.056766304310420825,3.389509513127345e-5
-0.06334782386506256,0.03845764537314246,-0.0564272318047464,-0.003780749344496123
-0.06305466926506453,0.035516474050280286,-0.055821869551128306,-0.007543972477766774
-0.06256609540836727,0.03261354144512651,-0.05495722765047373,-0.011236818805378525
-0.061886241773947435,0.02976223017924392,-0.05384157015172248,-0.014841330951403333
-0.061020163230129,0.026975461106485025,-0.05248428503000911,-0.01834060924721505
-0.05997377330390687,0.02426563749936696,-0.050895756951400355,-0.021718860551352276
-0.058753785112270564,0.021644595848182936,-0.04908724267698494,-0.024961438917695897
-0.0573676503206262,0.019123563147675555,-0.04707074829548528,-0.028054880981383805
-0.05582349633445266,0.01671312060627897,-0.04485890665149244,-0.030986939398492504
-0.05413006173984603,0.01442317382208065,-0.04246485221185766,-0.03374661851423402
-0.05229662976200365,0.012262929648732527,-0.03990208892720011,-0.0363242179198937
-0.05033295916442231,0.010240880261945464,-0.03718434394345636,-0.038711392194890365
-0.04824921148793606,0.008364795403010912,-0.034325395427583595,-0.04090123986083897
-0.041208521601554846,0.08001128884948523,-0.026218870311141344,0.05076596947766959
-0.04382530752587892,0.07855223713002898,-0.029629099699776368,0.04910968533755106
-0.046348639310569296,0.07691730615961226,-0.032930082873148005,0.047181785581576645
-0.048764534632797764,0.0751128351921382,-0.036096490235615904,0.04499251685749099
-0.05105961174390554,0.07314645676020977,-0.039104445288834506,0.042554753295583364
-0.05322122083889076,0.07102701350604616,-0.04193181218699146,0.03988372247478705
-0.05523756040138019,0.06876446125527381,-0.04455842654422374,0.0369967054609312
-0.057097777432655636,0.06636976131534672,-0.04696626969249821,0.03391272233172561
-0.05879205104674035,0.06385476491937683,-0.049139588696062456,0.03065221343105739
-0.06031165941820704,0.061232092575786254,-0.05106496605103289,0.02723672513563273
-0.06164903049351658,0.05851501084975527,-0.05273134413702047,0.02368860731221418
-0.06279777721568974,0.05571730881890131,-0.054130010175478964,0.020030728013787084
-0.063752718266805,0.052853176135130846,-0.05525454774803601,0.016286209405525442
-0.06450988550866132,0.04993708430625909,-0.05610076090119327,0.012478187490503305
-0.06506651940737143,0.04698367250011196,-0.05666657658836957,0.00862959696542117
-0.06542105377236214,0.04400763888184393,-0.056951930741715805,0.004762981496575349
-0.06557309113528567,0.041023638230341816,-0.056958642689991006,0.0009003288699467991
-0.06552337004987416,0.03804618634662043,-0.05669028199546556,-0.0029370701753807086
-0.06527372551953635,0.03508957156885124,-0.05615203111240318,-0.006728741093561268
-0.0648270436640753,0.03216777354538492,-0.05535054660547929,-0.010455124647901805
-0.06418721162706643,0.029294389288464413,-0.05429382102268511,-0.014097658197285637
-0.06335906360677934,0.026482566435636186,-0.05299104690381044,-0.017638841482650998
-0.062348323769253734,0.023744943581810517,-0.05145248381841239,-0.021062289324434304
-0.06116154667433074,0.02109359751115983,-0.04968932874989607,-0.024352773716556156
-0.059806055712943125,0.018539997155079126,-0.04771358954194481,-0.02749625791801171
-0.05828987991375568,0.016094964132072988,-0.0455379604474273,-0.030479925365149613
-0.05662168932158151,0.013768639793858341,-0.0431756979745165,-0.033292206650603805
-0.054810728965536876,0.011570458820984727,-0.04064049405784117,-0.03592280859363332
-0.052866751197968756,0.009509129602964917,-0.03794634182149103,-0.03836275082176332
-0.05079994585446641,0.0075926219430567906,-0.035107386364392486,-0.04060441777483245
-0.04862086718666574,0.005828163120436869,-0.0321377481664758,-0.042641638526234274
-0.04533951406704528,0.07774494877549329,-0.02883982381781965,0.049324206831507934
-0.04787635291026046,0.07615094464207582,-0.03215869639131234,0.04749171495517692
-0.05031066088070942,0.07438619330586388,-0.035354257204702866,0.04539369720789429
-0.05262880658876613,0.07245775711126325,-0.03840174764377768,0.04304171184333764
-0.05481782608088717,0.07037395847737624,-0.04127799771202983,0.040449864947622344
-0.05686554967632684,0.06814428996752234,-0.043961698849958264,0.03763452173147135
-0.05876071307992793,0.06577931140686341,-0.04643361872739235,0.03461399490002891
-0.060493051837140474,0.06329053708282575,-0.04867675880420627,0.03140822148887211
-0.06205337876679068,0.06069031597227996,-0.05067645749845782,0.028038438274062206
-0.06343364450278344,0.05799170775275008,-0.0524204433446996,0.024526864321641754
-0.06462698168719157,0.05520835709871543,-0.05389884357828341,0.02089639757979125
-0.06562773368083993,0.05235436846307573,-0.05510415418264156,0.017170330753229705
-0.06643146889562107,0.04944418322054156,-0.05603117765350643,0.013372090128390407
-0.06703498201173005,0.046492460722535316,-0.05667693463263107,0.009524999600501002
-0.06743628343197411,0.04351396449725796,-0.057040555223754286,0.005652070929929887
-0.06763457835471591,0.040523454534622916,-0.05712315529116419,0.001775820240719978
-0.0676302368281927,0.037535586331533574,-0.05692770242209911,-0.00208189003095839
-0.06742475609229884,0.03456481714268683,-0.05645887555805716,-0.005899985140697453
-0.06702071642947795,0.031625319687932626,-0.05572292160586074,-0.009658289830997337
-0.06642173164246605,0.028730903409153845,-0.05472751165895423,-0.013337620048102418
-0.06563239516028818,0.025894943246984266,-0.05348159880539075,-0.01691985688798932
-0.064658222650293,0.02313031581820639,-0.051995278879697245,-0.02038800517545412
-0.06350559188669919,0.020449342817268863,-0.05027965492508925,-0.02372623913063729
-0.062181680496600465,0.017863741438368587,-0.04834670555215181,-0.026919937621743967
-0.06069440207196862,0.015384581618470157,-0.046209156774501714,-0.029955711586618344
-0.05905234099771526,0.01302224993852944,-0.04388035621508777,-0.03282142639212339
-0.057264686193998535,0.01078642009680704,-0.04137414771049786,-0.03550622227839807
-0.055341163792973005,0.008686029996512561,-0.03870474313449796,-0.03800053675164005
-0.05329196854361709,0.0067292656939268065,-0.0358865864304667,-0.040296134090191796
-0.051127693423979305,0.004923552775178551,-0.03293420187958872,-0.04238614946803214
-0.04885925646802725,0.003275556247860783,-0.029862013571511047,-0.044265159424413274
-0.049346234076003685,0.07526551520090641,-0.031381729372045634,0.047747249962903436
-0.05179617253917333,0.07354092770806178,-0.03460014833136979,0.04574357308321858
-0.05413478442643921,0.07165119306679718,-0.03768152797470198,0.04348118786544084
-0.056348826644072154,0.06960407735463961,-0.04060174853092342,0.04097293248881507
-0.05842578856693614,0.06740857006600448,-0.04333841001269545,0.038234106331476406
-0.060354013994787,0.06507478766686352,-0.045871089552117224,0.035282167380034125
-0.0621228067283448,0.06261386503816271,-0.04818153958918963,0.03213640978509382
-0.06372251899137528,0.06003783788744298,-0.050253828303518815,0.028817632894074723
-0.06514462248893307,0.057359519087644764,-0.052074425653324916,0.025347811706683484
-0.06638176237701164,0.05459237168972854,-0.05363223984686021,0.02174977707738468
-0.06742779481624459,0.05175038107836617,-0.05491861003576219,0.018046912274097188
-0.06827780908971272,0.048847928422411646,-0.055927261533434455,0.01426287080957413
-0.06892813548580247,0.04589966723657828,-0.056654229995708766,0.010421318881695731
-0.06937634028866536,0.042920404535633505,-0.05709776082580602,0.006545704348670276
-0.06962120929114325,0.03992498774234575,-0.05725818966211168,0.00265905296089215
-0.06966272125903647,0.036928198215280456,-0.05713780924254304,-0.001216208414977535
-0.06950201274288764,0.03394465199965965,-0.056740727278864755,-0.005058402616000831
-0.06914133556492495,0.030988708177544642,-0.05607271926715106,-0.008846728656845212
-0.06858400821425092,0.02807438500400224,-0.05514107944444933,-0.012561365867347513
-0.06783436227135813,0.025215283863744515,-0.05395447240703403,-0.0161835579588377
-0.06689768486044223,0.022424520966005588,-0.05252278724323144,-0.019695679427048658
-0.06578015799987393,0.01971466661289161,-0.050856995410323,-0.023081286763224206
-0.06448879559101711,0.017097691825481248,-0.048969012992511975,-0.02632515696457417
-0.0630313786548382,0.014584922091994345,-0.0468715673950281,-0.02941331584909086
-0.06141638929374435,0.012186998013018086,-0.04457806792029835,-0.03233305873195896
-0.059652943719691535,0.009913842663071508,-0.04210247897644929,-0.03507296617074518
-0.05775072454199055,0.0077746355720270345,-0.03945919378348708,-0.03762291781893468
-0.05571991233718138,0.0057777933675788205,-0.03666290520055645,-0.039974108079794346
-0.05357111630777806,0.003930957335366632,-0.033728468400482714,-0.042119068456029446
-0.05131530353966921,0.0022409884913758785,-0.030670747036660936,-0.044051703671766265
-0.0489637259235848,0.0007139713032891603,-0.027504429273029696,-0.045767352597442995
-0.053217699487364885,0.07257978408078913,-0.03383761978737708,0.04603942120102117
-0.05557402245945511,0.07072934020295982,-0.03694676366987287,0.04387005125703787
-0.057810528290911066,0.06871980188794374,-0.039905516295736465,0.04144949960939038
-0.05991439848229881,0.06655961766009998,-0.042690462847538406,0.038791849174334266
-0.06187361002764087,0.06425841944958673,-0.04528003474393473,0.03591355068749637
-0.06367705215603651,0.061826919896495074,-0.04765475078627432,0.03283310706024034
-0.0653146260816116,0.059276798417622706,-0.04979739820002695,0.02957074100471479
-0.06677732715034412,0.05662057915158595,-0.05169315555254784,0.026148057170606153
-0.06805730932897194,0.053871503748196214,-0.05332966142712764,0.02258770854932299
-0.06914793245469363,0.05104340173056988,-0.05469703410753048,0.018913075205968792
-0.07004379304654472,0.048150560860598476,-0.05578784840047858,0.015147961636283644
-0.07074073976979522,0.045207599605315126,-0.05659707614782013,0.011316317328427791
-0.0712358748477454,0.042229343455160814,-0.05712199703147844,0.007441983524323611
-0.0715275428391505,0.039230706503255476,-0.05736208602537311,0.003548467776203648
-0.07161530825494947,0.036226579371178055,-0.057318883382573564,-0.0003412532874824978
-0.07149992348657491,0.03323172427147242,-0.056995852430387704,-0.00420490352794997
-0.07118328847167177,0.030260677736118534,-0.05639822974615806,-0.008021050471077401
-0.07066840344271587,0.02732766131728185,-0.05553287155030125,-0.011769223904672534
-0.06995931599971833,0.0244465003822022,-0.05440809941709111,-0.015430012072984103
-0.06906106362836574,0.02163055097795147,-0.0530335476965763,-0.01898513786211522
-0.06797961265638755,0.018892634631765794,-0.05142001437205303,-0.022417517477827015
-0.06672179450869231,0.01624498087673835,-0.049579316451555826,-0.025711304148338266
-0.06529523998917401,0.01369917724884664,-0.047524150399116734,-0.028851919373109755
-0.06370831218543377,0.011266126487945623,-0.04526795752967697,-0.031826074222192025
-0.06197003846145946,0.008956010693118424,-0.042824793680508365,-0.03462178321076066
-0.06009004186935048,0.006778262233977622,-0.04020920176944336,-0.037228373386984356
-0.05807847216820976,0.004741541311552197,-0.03743608494909094,-0.039636491556867166
-0.055945936474711286,0.0028537202086355734,-0.03452057679186791,-0.04183811315626984
-0.05370342936581589,0.0011218744959876554,-0.03147790298305022,-0.043826557382890895
-0.051362261975235385,-0.0004477181861118119,-0.02832322580800347,-0.0455965152177302
-0.04893398920980736,-0.0018495705869955045,-0.025071457245720175,-0.04714410063825407
-0.05694329888354706,0.0696951168174581,-0.03620076363889932,0.04420540158578747
-0.0591995478470772,0.06772388849269138,-0.03919211049729685,0.041876284669729286
-0.061327817515696686,0.06560005450876322,-0.04202012637040273,0.03930420115603021
-0.0633157491188795,0.06333272268005159,-0.04466216557286691,0.03650444009765634
-0.06515184022403787,0.06093214097200017,-0.04709755004731426,0.033494558497401655
-0.0668255559434598,0.058409588836220855,-0.04930779366096637,0.030294053476195414
-0.06832742258475012,0.05577725821289568,-0.05127676560377583,0.026924020878676114
-0.0696491032972249,0.05304812734391738,-0.05299079545535623,0.023406811439958947
-0.07078345581474016,0.05023583036153289,-0.05443872430585701,0.019765694052881914
-0.07172457285592922,0.04735452535524576,-0.05561190759965767,0.01602453391004461
-0.07246780610878452,0.0444187633024124,-0.05650417615049484,0.01220749148854505
-0.07300977499929114,0.04144335990003706,-0.057111762110498544,0.008338746608072241
-0.0733483616282715,0.03844327197865507,-0.05743319664388739,0.004442250207397668
-0.07348269336652752,0.0354334798312384,-0.057469185734335966,0.0005415051002124348
-0.07341311463674068,0.032428876464031406,-0.05722247002786928,-0.003340624184314945
-0.07314114939372926,0.029444164481342783,-0.056697673948453486,-0.007182073292630587
-0.07266945575464005,0.02649376105829409,-0.05590114858591113,-0.010961713184351003
-0.07200177413876542,0.02359171123686833,-0.05484081209257421,-0.014659460527848271
-0.0711428701628373,0.020751609602104707,-0.05352599057109012,-0.018256365688057778
-0.0700984734103381,0.01798653025545249,-0.05196726171819846,-0.021734680822149178
-0.06887521305924128,0.015308964899210404,-0.05017630281564263,-0.025077910671423006
-0.06748055121653307,0.012730768777176226,-0.048165744032610605,-0.02827084863595223
-0.06592271467313149,0.01026311417958732,-0.04594902741283948,-0.03129960067611675
-0.06421062566063467,0.007916451214294353,-0.04354027133927409,-0.034151599538054016
-0.0623538320612324,0.005700475570432225,-0.040954139657956364,-0.03681561178831209
-0.060362437391047796,0.0036241030592494717,-0.038205713935294934,-0.03928174021948363
-0.05824703073919638,0.001695450815923278,-0.03531036640799923,-0.04154142442653911
-0.05601861668911443,-7.817479904233175e-5,-0.03228362988168865,-0.04358744287271558
-0.053688545056837275,-0.0016902833234038342,-0.029141058821542918,-0.04541392076231101
-0.05126844002087041,-0.003135197699172492,-0.025898072586129122,-0.04701634988485917
-0.04877012783296201,-0.004408042932865071,-0.022569766096795958,-0.04839162997616075
-0.06051282065557782,0.06661942008339145,-0.038464683713568884,0.04225021803748863
-0.06266281138896763,0.06453281031150462,-0.04133003447405811,0.039767738096926734
-0.06467701145552285,0.062300501939988116,-0.04401956219946862,0.037051172619300424
-0.06654355568815962,0.05993223710935055,-0.04651145240678624,0.034116974888062784
-0.06825149375504029,0.05743885173136056,-0.04878597423972807,0.030983760050644685
-0.0697908955270388,0.05483216115295867,-0.050825687300577634,0.027671965997287173
-0.07115293837197512,0.05212483642044461,-0.052615586957208825,0.024203503882876235
-0.07232997609322633,0.049330274306536456,-0.054143191271164605,0.020601409266143907
-0.07331558976822944,0.04646246405570479,-0.05539857442525413,0.01688950316293821
-0.07410462118849061,0.0435358535175062,-0.05637435271859005,0.013092070480524706
-0.07469318995166652,0.040565217001533434,-0.05706562988124059,0.009233561455171834
-0.07507869551037281,0.03756552682597402,-0.057469908703021766,0.005338319962882084
-0.07525980564796733,0.0345518301658221,-0.0575869758564286,0.0014303409914299444
-0.07523643293911589,0.031539132453964884,-0.057418766399834044,-0.002466941803616009
-0.07500970077420702,0.028542288260603933,-0.056969213860304346,-0.006330838662464662
-0.07458190049438561,0.025575900283012938,-0.05624409108323429,-0.010139557493636153
-0.07395644111058737,0.022654226822971458,-0.05525084626302986,-0.013872330603722933
-0.07313779297669384,0.019791097915798764,-0.05399843778083996,-0.017509516588683778
-0.07213142666393056,0.01699984010251961,-0.052497170705480094,-0.021032679873762755
-0.07094374814918875,0.014293209703749648,-0.050758537087651726,-0.024424650532813032
-0.06958203129056645,0.011683334357981863,-0.048795061500924775,-0.027669567055011536
-0.06805434842401539,0.009181662525301832,-0.04662015265723197,-0.030752904692536956
-0.0663694997784116,0.006798920627746791,-0.044247961336302634,-0.033661491949279226
-0.06453694227413481,0.004545077498132479,-0.04169324429157658,-0.0363835176934281
-0.0625667181414946,0.002429315840446171,-0.038971233185287765,-0.03890853133297137
-0.06046938366760697,0.0004600104699450688,-0.036097506894896145,-0.04122743853248166
-0.058255938247637536,-0.0013552867925446643,-0.033087864606976845,-0.04333249513936936
-0.05593775376898661,-0.003009855535029419,-0.029958195786011454,-0.04521730243797265
-0.053526504177711764,-0.00449780819369703,-0.02672434104337677,-0.04687680774160502
-0.05103409483604162,-0.005814083853265089,-0.023401934547449602,-0.04830731600501883
-0.0484725909257042,-0.006954433139453554,-0.02000621278780633,-0.049506521219964336
-0.0639164809923826,0.06336112414953021,-0.04062317476382962,0.0401792295783249
-0.06595432052047666,0.06116485218287239,-0.04335467569914089,0.03755019091822372
-0.06784893020259171,0.058830188025847586,-0.04589834346830757,0.03469658939381968
-0.06958897099667909,0.05636748144256541,-0.04823325458263107,0.03163599742173982
-0.07116407468576179,0.053788126590647384,-0.05034067946782183,0.028388037271242273
-0.07256494311708002,0.05110444232730925,-0.05220427126414714,0.02497403158303422
-0.0737834289008993,0.04832954407451515,-0.05381019264405587,0.02141664676529816
-0.0748125974523495,0.04547721041618384,-0.05514718436314663,0.017739540061515836
-0.07564677078626643,0.042561747365463656,-0.056206580902857635,0.013967019318797277
-0.07628155390531986,0.03959785293140902,-0.0569822796552548,0.010123722595835627
-0.0767138449527479,0.03660048426050363,-0.057470670687064546,0.006234322871664378
-0.07694183053571399,0.03358472925402393,-0.05767053427047538,0.002323261353736472
-0.07696496777162232,0.030565684188170038,-0.05758291317096672,-0.0015854886897728212
-0.07678395467863675,0.02755833850688978,-0.057210966217759826,-0.005468626991437483
-0.07640069053570814,0.024577467629003893,-0.05655980903742888,-0.009303700751891325
-0.07581822778990802,0.021637534319765166,-0.055636347073833546,-0.013069249872343463
-0.07504071700209645,0.01875259892659958,-0.05444910521098224,-0.01674492492916607
-0.07407334620781487,0.015936238571001595,-0.05300805750453323,-0.020311580281619095
-0.07292227593832913,0.013201475222856746,-0.051324459744000045,-0.02375134494589796
-0.07159457100559823,0.010560712457759597,-0.04941068683512938,-0.02704767397410013
-0.07009813001070954,0.008025680609375602,-0.047280076314337394,-0.030185383078590977
-0.06844161339286241,0.005607389974652498,-0.04494677868394664,-0.03315066917496954
-0.06663437069808369,0.0033160917070494283,-0.04242561467338049,-0.035931119412789154
-0.06468636761476662,0.0011612460404690926,-0.03973193895933778,-0.038515711155795114
-0.0626081131962891,-0.0008485024754029313,-0.036881509271316434,-0.04089480529774884
-0.06041058756670597,-0.0027053429760819283,-0.03389035909720584,-0.043060135302145024
-0.05810517027865961,-0.004402309654117177,-0.03077467126897622,-0.04500479449502658
-0.05570356935396201,-0.005933286466208718,-0.027550648358053688,-0.046723224520264534
-0.053217750871213214,-0.007293004884369921,-0.02423437370399577,-0.048211208649246905
-0.05065986874460072,-0.008477034007647393,-0.020841653432824292,-0.04946587512980959
-0.04804219401600471,-0.00948176172820562,-0.01738782384017966,-0.05048571853026139
-0.06714495069755826,0.059929159778542365,-0.042670320515742516,0.03799811264370894
-0.06906505344385823,0.057629245445911824,-0.04526048477167822,0.0352297212762912
-0.07083487974808639,0.05519862465555658,-0.047651320568057175,0.03224690522854092
-0.072443647772758,0.05264822642719581,-0.0498228527603199,0.029068307885478428
-0.07388159983430935,0.04998997193370598,-0.05175740439262936,0.025714504854909233
-0.0751400952419543,0.047236649777459706,-0.05343976694885626,0.022207645084137598
-0.07621168417981779,0.04440178380761498,-0.054857308333166564,0.018571088107589354
-0.07709016268200385,0.04149949665315596,-0.056000022856022874,0.014829048010641877
-0.07777060926370612,0.038544371884122255,-0.0568605290490789,0.011006252845542895
-0.07824940418514695,0.03555131738283429,-0.057434022124172375,0.007127626291203181
-0.07852423263711523,0.032535432136180334,-0.05771818837927189,0.0032179964425100055
-0.07859407335170383,0.029511878273630707,-0.05771308891212201,-0.0006981651532907293
-0.07845917426837426,0.026495759794748726,-0.057421019723044704,-0.004596972656683622
-0.07812101693555716,0.023502009069519374,-0.05684635475396823,-0.008455323052795708
-0.0775822713149873,0.02054528186698544,-0.05599537770940792,-0.012251062044249673
-0.07684674259310598,0.017639861378950312,-0.05487610770433941,-0.015963120345582782
-0.07591931150430717,0.014799571460047227,-0.053498122946262,-0.01957162257930229
-0.07480586954574454,0.012037699103994597,-0.05187238582715232,-0.023057971344845888
-0.07351325032313358,0.009366926017230055,-0.0500110720058809,-0.026404909232472323
-0.07204915811934828,0.0067992690329868885,-0.047927405324487735,-0.029596561621085097
-0.0704220946289427,0.004346029028074521,-0.045635499724969206,-0.03261846306531317
-0.06864128465670802,0.0020177479578483023,-0.043150208714499975,-0.03545756997746703
-0.06671660143935994,-0.00017582639051618625,-0.04048698234960688,-0.03810226217553218
-0.06465849211805055,-0.002225768311871857,-0.0376617311441451,-0.04054233573107485
-0.06247790376463883,-0.00412399510494466,-0.03469069570403497,-0.042768989443767905
-0.06018621024436333,-0.005863281265057117,-0.03159032018091936,-0.04477480723401898
-0.05779514007678024,-0.007437266090929755,-0.028377126696148502,-0.04655373883721745
-0.0553167053272364,-0.008840454671598476,-0.025067586517968626,-0.048101081491836416
-0.05276313140868954,-0.010068211955583358,-0.021677981630803575,-0.04941346598509963
-0.0501467874742477,-0.011116749201045065,-0.018224246794824744,-0.05048885172920063
-0.04748011679187173,-0.011983101467127394,-0.01472177607601981,-0.05132653799528503
-0.07018938076007457,0.056332933746247364,-0.04460050988509945,0.03571284552355604
-0.07198648385641872,0.05393568095296111,-0.04704223800147437,0.032812689417132106
-0.07362667581188061,0.05141576569190917,-0.04927368871033173,0.029708834537484255
-0.07509976154580404,0.04878466628273654,-0.05127588996173288,0.026420944137814418
-0.07639662065317739,0.04605479823847055,-0.05303226586961026,0.022970490768158484
-0.07750929358871309,0.04323938485396222,-0.0545287879469119,0.019380388973699574
-0.07843104852982692,0.040352321337642556,-0.05575406395322123,0.015674627388236804
-0.07915642913423707,0.03740803565441044,-0.05669936917876611,0.01187791056992361
-0.07968128390694382,0.034421348958640755,-0.05735862643750376,0.008015318998272309
-0.08000277828717303,0.03140733814447035,-0.05772834193063923,0.004111993658342776
-0.08011939085799585,0.028381202653889343,-0.05780750452907378,0.00019284970878506534
-0.08003089527566419,0.02535813728624491,-0.05759745598864907,-0.003717678038163923
-0.0797383296221058,0.02235321236543511,-0.05710173925134655,-0.0075958566410735924
-0.07924395491520274,0.01938126225890221,-0.05632593138313713,-0.011418843661386353
-0.07855120448128694,0.01645678291546406,-0.05527746694327396,-0.015164844027103877
-0.07766462581642777,0.013593838804233815,-0.053965456738019224,-0.01881323701553743
-0.07658981645079027,0.010805979396832114,-0.05240050604515434,-0.02234467577235656
-0.07533335519495936,0.008106165140480985,-0.050594535545822765,-0.02574116211135247
-0.07390272999866508,0.005506702718481222,-0.04856060739561988,-0.028986099498223457
-0.07230626349878604,0.0030191892844085226,-0.046312758127243885,-0.03206432714990116
-0.07055303718079749,0.0006544652832999508,-0.043865839402941614,-0.03496213811205527
-0.06865281493052529,-0.0015774245658530899,-0.04123536702230297,-0.0376672840452813
-0.06661596661352297,-0.0036672625601648643,-0.03843737802142904,-0.04016896928610484
-0.06445339218881256,-0.005606681987979862,-0.03548829514172208,-0.04245783658217955
-0.06217644674157205,-0.0073881841505573885,-0.03240479735114855,-0.04452594676255614
-0.05979686670324976,-0.009005148707636712,-0.029203694392833948,-0.04636675453152307
-0.05732669741325593,-0.010451837498343948,-0.025901802391516588,-0.047975082617166306
-0.05477822205624014,-0.011723391805228033,-0.02251581616566351,-0.04934709674250627
-0.0521638918705092,-0.01281582275766214,-0.019062171716778837,-0.05048028444537717
-0.049496257345101484,-0.013725994157599808,-0.015556888763112503,-0.05137344189543816
-0.04678789986792819,-0.014451596357863016,-0.012015376946933705,-0.05202667498732595
-0.073041426608727,0.052582303058193613,-0.046408452357005636,0.033329691976189624
-0.07471060432044228,0.05009428250753242,-0.04869505172677429,0.03030572025706044
-0.07621666627499483,0.047491979688353225,-0.05076100109682329,0.027089333995994787
-0.07755003209256768,0.044787390758967136,-0.05258838351290756,0.023701162418767113
-0.07870224364509223,0.041993391542487414,-0.05416176959207237,0.02016351616287875
-0.07966604434934187,0.03912360378210537,-0.0554683493274538,0.016500012564195976
-0.08043543882748405,0.03619225595972812,-0.0564980015593972,0.012735203604743834
-0.08100573331630187,0.03321404183012877,-0.057243306471714266,0.008894216601957909
-0.0813735576895618,0.030203979508255575,-0.05769950781781339,0.005002415718766188
-0.08153687033482973,0.0271772735753375,-0.05786443236452076,0.0010850903366834766
-0.0814949473975579,0.024149182267873995,-0.057738374327113005,-0.0028328256125863217
-0.08124835807854507,0.021134891407174276,-0.05732395244186064,-0.006727001025944764
-0.08079892775687735,0.018149396334775792,-0.05662594688145396,-0.010573920910393164
-0.08014969072259771,0.015207392755602392,-0.05565112254955362,-0.01435106601321672
-0.07930483425612413,0.012323177065864188,-0.05440804448253992,-0.01803706022657712
-0.07826963569878011,0.009510556462246007,-0.05290689020587306,-0.02161178791052549
-0.07705039403406692,0.006782768895200449,-0.05115926299929172,-0.025056483762278405
-0.07565435735393448,0.004152412741761588,-0.04917800915934747,-0.028353798141762483
-0.07408964742817838,0.0016313859303438143,-0.04697704153589529,-0.031487840880048176
-0.07236518243591364,-0.0007691658521389521,-0.044571170879134564,-0.03444420658676099
-0.07049059876181081,-0.003038892305327636,-0.041975945864185855,-0.03720998436841737
-0.06847617261060779,-0.005168273478468435,-0.03920750205533207,-0.03977375470574817
-0.0663327420536082,-0.007148647018049846,-0.03628241951184341,-0.042125576043976015
-0.0640716299916773,-0.00897222813847688,-0.03321758818907514,-0.044256963454421455
-0.061704568399810554,-0.010632122696962423,-0.030030079701152675,-0.046160861556230455
-0.059243624106923354,-0.012122333663550705,-0.026737023308341674,-0.047831613777770114
-0.056701126256844224,-0.013437761145675173,-0.023355483046941364,-0.049264930030368595
-0.05408959548616819,-0.014574195936802465,-0.019902331526302663,-0.05045785503107745
-0.0514216747305725,-0.01552830628037839,-0.016394113715074668,-0.05140873995482983
-0.048710061415008304,-0.01629761711825198,-0.012846890380646741,-0.05211722102836604
-0.045967440562626694,-0.016880480427502623,-0.009276044504813837,-0.052584210479558885
-0.0756932709840836,0.0486875479324089,-0.048089192486812475,0.03085518405983752
-0.07722994821108561,0.04611557911576142,-0.05021439570004309,0.027715685224291183
-0.07859775215359552,0.04343802146960053,-0.052109181107660364,0.024395583472980185
-0.07978774339179198,0.04066735611026237,-0.05375673596024394,0.020916417460978543
-0.08079214925769279,0.03781688387920603,-0.05514281966881986,0.01730127476133724
-0.08160443601992105,0.034900587631729124,-0.056255875818047266,0.013574410767157935
-0.08221936117830493,0.03193299012392443,-0.05708708207042692,0.00976087351338498
-0.08263300641397728,0.028929010625870503,-0.05763034384055609,0.005886144204515223
-0.08284279220675214,0.025903823049491535,-0.05788223885783697,0.0019758011654868336
-0.0828474754884495,0.02287271798840558,-0.05784192041139921,-0.0019447871421634955
-0.08264713195093858,0.01985097065184952,-0.057510987254465185,-0.005850736355861044
-0.08224312477942947,0.016853716259824354,-0.05689332792596939,-0.009717885771502075
-0.08163806164692504,0.013895834070311941,-0.055994946727181326,-0.013523002797480817
-0.08083574179885085,0.01099184084581515,-0.054823777857323716,-0.017243953090633216
-0.0798410949926677,0.008155794244499198,-0.05338949335373533,-0.020859838097710005
-0.07866011395013038,0.00540120634606714,-0.05170330956518546,-0.02435110239706801
-0.07729978184299638,0.0027409672954966224,-0.04977779596958564,-0.02769961367186016
-0.07576799617806435,0.0001872788683515925,-0.04762668926808646,-0.03088871838231198
-0.07407349028399299,-0.002248402373232791,-0.045264714870654275,-0.033903276278713985
-0.07222575343802023,-0.004555412758546971,-0.0427074171497498,-0.03672967684755468
-0.07023495051135445,-0.006723920501371463,-0.039970999175527995,-0.039355840644061654
-0.06811184186127908,-0.008744956512718297,-0.03707217205050746,-0.04177120826920693
-0.06586770405845245,-0.010610437531349737,-0.0340280134123369,-0.04396671952602613
-0.06351425191029378,-0.012313182035298213,-0.030855834136128638,-0.04593478506610098
-0.0610635621250922,-0.013846919334081415,-0.027573051690061683,-0.047669252636979534
-0.05852799885488936,-0.015206292145503408,-0.024197067901428084,-0.049165369895386044
-0.055920141254604955,-0.01638685282375055,-0.02074514794675361,-0.050419745694721976
-0.0532527130945877,-0.017385053210352833,-0.017234295979624847,-0.05143031184629315
-0.05053851435447176,-0.01819822779493748,-0.013681120587218069,-0.05219628768144462
-0.047790354592367454,-0.018824569443213934,-0.010101679564623716,-0.05271815048107789
-0.04502098769789709,-0.019263096273634175,-0.006511287069477034,-0.05299761630595095
-0.07813764536505796,0.0446593436219775,-0.04963812348265324,0.028296104228694892
-0.0795376101818812,0.04201047612709253,-0.05159610550505818,0.02504968342481343
-0.08076340705681763,0.03926500265334587,-0.053314533475148126,0.02163496635138284
-0.08180676203237089,0.03643585506521633,-0.054777744930900735,0.01807434205681079
-0.08266060920498243,0.03353672276583654,-0.05597272710978563,0.014391611768273548
-0.08331915560363415,0.0305819113965671,-0.056889208863321515,0.01061160245375288
-0.08377792597514512,0.027586198181829634,-0.05751969085757633,0.006759789546195019
-0.08403378818483341,0.024564687014319245,-0.057859420442767845,0.002861938294947534
-0.08408496038884586,0.021532666012304615,-0.05790631870449685,-0.0010562289214466963
-0.0839310014704249,0.018505469871336,-0.05766086777497326,-0.004969334094632846
-0.08357278646038563,0.015498348905095468,-0.05712596656329356,-0.00885261063746239
-0.08301246879195304,0.012526346247695176,-0.05630676275283816,-0.012682134467643534
-0.08225343128460136,0.009604184290550736,-0.05521046831608989,-0.016435019073872844
-0.08130022772566793,0.006746161064302061,-0.05384616500073997,-0.02008957569124384
-0.08015851683753444,0.003966056958012379,-0.052224605334706416,-0.02362544060256647
-0.07883499029675228,0.0012770518987297716,-0.05035801374683229,-0.027023672204562477
-0.07733729632294505,-0.0013083471050455006,-0.048259891461138016,-0.030266820865744944
-0.07567396019125028,-0.0037783683234184216,-0.04594482793203205,-0.033338974792822045
-0.07385430285173247,-0.006122027962186008,-0.04342832076826451,-0.03622578515368856
-0.07188835867031178,-0.008329173595229361,-0.04072660535851174,-0.03891447361715816
-0.06978679314352779,-0.010390518898699326,-0.037856494756481764,-0.04139382529609022
-0.06756082128781424,-0.012297670229024308,-0.03483522979894747,-0.04365416985428114
-0.06522212726488848,-0.014043145572903147,-0.03168033889332404,-0.04568735328594179
-0.06278278567925441,-0.015620386356036731,-0.028409506386578482,-0.04748670262479867
-0.0602551848710726,-0.017023762527794896,-0.025040447860866896,-0.04904698560970048
-0.05765195242623303,-0.01824857123766357,-0.021590790013314685,-0.05036436715156469
-0.05498588303215646,-0.019291029277275218,-0.018077951838022445,-0.051436364340758045
-0.05226986871797159,-0.02014825926147518,-0.014519022425607176,-0.0522618017516132
-0.0495168314234212,-0.02081826923205509,-0.010930628458793943,-0.05284076901164343
-0.046739657729662265,-0.021299924931812885,-0.007328780747072795,-0.053174583147714366
-0.04395113543526491,-0.021592913311844014,-0.003728682648877837,-0.05326575934986527
-0.08036784989136399,0.04050873115490877,-0.05105099983233024,0.02565946674269819
-0.0816272650917555,0.03779022534347055,-0.05283639397128478,0.02231502218425463
-0.08270769507508917,0.03498436119409121,-0.05437375441222729,0.01881504929084477
-0.08360155402453287,0.03210448587405837,-0.05564861191025556,0.015182726137398373
-0.0843025021681061,0.029164639826474947,-0.05664921719635931,0.011442502367706976
-0.0848055031732777,0.026179412267989456,-0.05736661254142124,0.007619708475625007
-0.08510686130021697,0.02316379438800631,-0.057794642170229685,0.0037401774657244203
-0.08520423918338797,0.020133033303129915,-0.05792990839530465,-0.00017011198855593142
-0.08509665753918377,0.017102489434292743,-0.057771681356605986,-0.004085363958330258
-0.08478447841133764,0.014087499547641808,-0.05732177070793404,-0.007980260447765558
-0.08426937377121349,0.011103247261268392,-0.05658436756854919,-0.011830220528645205
-0.0835542813976403,0.00816464239119699,-0.05556586465683748,-0.015611622314731047
-0.08264334998448819,0.0052862101092279856,-0.05427466184897711,-0.019301988105369136
-0.08154187537939331,0.002481990524229332,-0.052720963548690804,-0.022880134161293954
-0.08025622975949627,-0.00023455101491877726,-0.050916573302543185,-0.02632628741691445
-0.07879378541471932,-0.0028506028590992325,-0.04887469011314192,-0.02962217200493784
-0.07716283464931975,-0.005354075417116965,-0.046609709944700886,-0.032751068807459705
-0.07537250713958081,-0.00773365927024862,-0.04413703501620268,-0.03569785139079317
-0.07343268590890273,-0.009978873498035666,-0.04147289265731572,-0.03844900166957825
-0.07135392290838384,-0.012080104746041011,-0.03863416477285955,-0.040992608519487515
-0.06914735502651112,-0.014028637605963448,-0.03563822831668026,-0.043318352350235026
-0.06682462119929004,-0.015816676886031018,-0.032502806603876756,-0.045417478394149016
-0.0643977811540218,-0.017437362328564566,-0.029245830767477877,-0.047282761186190486
-0.06187923619664219,-0.01888477628353664,-0.025885310154742432,-0.048908462432363416
-0.05928165234360591,-0.020153944771727553,-0.02243920990462656,-0.05029028420408056
-0.05661788600331175,-0.021240832264503233,-0.018925333270532287,-0.05142531917816277
-0.053900912326334594,-0.022142330360452173,-0.015361205319886067,-0.05231199948743534
-0.05114375626443015,-0.022856240334449194,-0.011763953240325614,-0.0529500456910062
-0.04835942629930856,-0.023381249240269214,-0.00815017623754385,-0.05334041746689957
-0.045560850713952016,-0.023716898806713727,-0.004535794250912586,-0.05348526797806249
-0.04276081616540768,-0.023863545675570114,-0.0009358581683144651,-0.05338790464985992
-0.08237777172741832,0.03624708707146946,-0.05232394893997921,0.02295249844192609
-0.08349318534185401,0.033466394178947464,-0.053931861554249776,0.019519197018983102
-0.08442528705009922,0.03060783003253585,-0.05528394066793674,0.015943561488016598
-0.08516719996818363,0.027685120518675124,-0.05636694991245146,0.012249495420977176
-0.08571332783258102,0.02471261863655691,-0.057170435716236936,0.008462029863504238
-0.08605940475347983,0.02170515719009301,-0.057686778322049596,0.00460692940620636
-0.08620252463416812,0.018677900243863624,-0.05791118238595092,0.0007103138187980636
-0.08614115128481263,0.015646196347088262,-0.05784161449558866,-0.0032016960069223433
-0.08587511066620225,0.012625436121521193,-0.057478695845777486,-0.007103301296569921
-0.08540556699021892,0.009630916366901405,-0.05682555865176993,-0.010969313461710154
-0.08473498458602582,0.006677712388475128,-0.055887674755431056,-0.014775404607665714
-0.0838670775258019,0.003780559817419744,-0.05467266438814721,-0.01849831979020581
-0.0828067490065358,0.0009537467934353255,-0.0531900923063216,-0.02211605172913031
-0.08156002242060992,-0.0017889829793460653,-0.05145125760014354,-0.02560797977398565
-0.08013396593422745,-0.0044345160998195314,-0.04946898248212548,-0.028954975707369542
-0.07853661224375155,-0.006970444312632074,-0.04725740435108953,-0.03213947949086327
-0.07677687500944111,-0.009385128580622036,-0.04483177445310453,-0.035145548346069776
-0.07486446328491903,-0.011667752794572484,-0.04220826555532197,-0.037958882659423654
-0.07280979507823816,-0.013808367635245303,-0.039403790230337125,-0.04056683214445067
-0.07062391100351294,-0.01579792516942106,-0.036435830626992474,-0.04295838553122847
-0.06831838881573857,-0.01762830479266576,-0.033322279970244534,-0.045124146811607674
-0.06590525946898079,-0.019292331131097185,-0.030081295475145983,-0.04705630078266635
-0.06339692520124734,-0.02078378448614041,-0.02673116185235115,-0.04874857032461221
-0.06080608002878756,-0.022097404351906394,-0.023290164087038184,-0.050196167543986286
-0.05814563292768045,-0.02322888645392383,-0.019776467633767537,-0.05139574062509145
-0.05542863389031557,-0.024174873646536366,-0.016208003504740172,-0.052345317979421976
-0.05266820296643251,-0.02493294085520654,-0.012602354805712196,-0.053044251079680076
-0.04987746232992695,-0.02550157404138387,-0.008976639876914723,-0.05349315723567265
-0.047069471349132086,-0.02588014286952399,-0.005347384949737963,-0.05369386354552469
-0.044257164573329136,-0.026068866310526035,-0.0017303754579892777,-0.05364935340659996
-0.04145329247070799,-0.026068769719332988,0.0018595314344375285,-0.053363717414157436
-0.08416190181717804,0.031886092241871354,-0.05345348174057662,0.02018261893833714
-0.08513025657447254,0.02905083395419752,-0.05487950565345064,0.016669871091447085
-0.08591147518163883,0.026147404936387005,-0.056042597485015395,0.013028373491375833
-0.08649940853662438,0.02318987217231895,-0.05693079002295653,0.009282689689064644
-0.08688921922333008,0.02019286187670661,-0.05753495404568575,0.005458363523633947
-0.08707742348717092,0.017171409785044695,-0.057848828653056066,0.0015815230635063085
-0.0870619128399627,0.01414081127343525,-0.057868992076108745,-0.002321496748930969
-0.08684195647816766,0.011116474254412732,-0.05759478075106187,-0.006224504399081401
-0.08641818608399249,0.008113777365922984,-0.05702816522493067,-0.010101768979700203
-0.08579256484645266,0.005147935513832069,-0.056173591689238835,-0.013928300349926185
-0.0849683426979456,0.0022338743701853206,-0.055037797710511954,-0.01768009032968651
-0.08394999982399724,-0.0006138850080324585,-0.053629610146620946,-0.021334314656937366
-0.08274318048538513,-0.0033813306760258266,-0.051959732417852275,-0.024869496792370136
-0.08135461910954031,-0.006055053004928013,-0.05004052733084788,-0.028265635694105503
-0.079792060478378,-0.008622326484333082,-0.04788580061927002,-0.03150430042205048
-0.0780641756776389,-0.01107118026281634,-0.04551058932853244,-0.034568694897487116
-0.07618047529185971,-0.013390457759044712,-0.04293095818395146,-0.037443696379600606
-0.0741512211401607,-0.015569865819509135,-0.04016380617241286,-0.04011587126918001
-0.07198733766021265,-0.017600013996579445,-0.03722668475326181,-0.04257347175218044
-0.06970032386759167,-0.019472444578013556,-0.03413762840200033,-0.04480641659422835
-0.06730216664997839,-0.021179654021260926,-0.030914997570615756,-0.046806259123109775
-0.06480525600348658,-0.022715106437527496,-0.027577333606442586,-0.04856614512158504
-0.06222230268316291,-0.02407323973510452,-0.02414322468064793,-0.05008076302024595
-0.05956625862215407,-0.025249464970919462,-0.020631181298451633,-0.05134628844946364
-0.05685024037355547,-0.026240159372970737,-0.01705951943976939,-0.05236032489352213
-0.05408745574462439,-0.027042653380283,-0.013446248727944678,-0.0531218419025805
-0.05129113372312245,-0.02765521189214422,-0.009808962112994831,-0.05363111206677426
-0.04847445773811823,-0.028077009706466163,-0.006164722167558827,-0.05388964775461859
-0.04565050224974765,-0.028308100826082372,-0.002529936851476691,-0.05390013847638654
-0.04283217262088935,-0.02834938086380702,0.0010797861737884367,-0.05366638968656902
-0.040032148182730404,-0.028202541077317088,0.004649824190781719,-0.05319326393829048
-0.0857153499840701,0.027437699849812338,-0.0544365022632283,0.017357420279110674
-0.0865339916911436,0.024555647412880858,-0.05567672884228352,0.013774854205957
-0.0871621859313284,0.02161531162078729,-0.05664764543786024,0.01007747562858517
-0.08759452823875756,0.0186310619982461,-0.057338586795218936,0.006290440749942136
-0.08782695330377302,0.015617757886044374,-0.05774177306529939,0.002439736188756328
-0.08785676905575321,0.012590596739344918,-0.05785231936574746,-0.0014482181239782515
-0.08768267039425423,0.009564963322225147,-0.057668186881410226,-0.005346944255438375
-0.0873047339051165,0.006556282678499669,-0.0571900837158604,-0.00923025185734173
-0.08672439526057199,0.003579879310548289,-0.056421324367181454,-0.013072548416222563
-0.0859444112458007,0.0006508445273509928,-0.0553676568164651,-0.0168491107350262
-0.08496880848859996,-0.002216086542474283,-0.05403706588769926,-0.020536316153035118
-0.08380282100795917,-0.0050066472173485145,-0.05243956087143065,-0.024111833650126736
-0.08245281865792312,-0.007707140153135266,-0.05058695451450232,-0.027554776293561352
-0.08092622844237468,-0.010304526551101444,-0.04849263945441308,-0.030845817471505655
-0.07923145053102904,-0.01278650367128223,-0.046171367105419116,-0.03396727403910752
-0.07737777063216084,-0.015141570877446475,-0.04363903294402843,-0.036903159914239224
-0.07537527018673539,-0.01735908462350564,-0.04091247114251089,-0.0396392138440356
-0.07323473565243716,-0.01942930292447781,-0.03800926058853839,-0.042162905064204455
-0.07096756795343308,-0.02134341994290797,-0.034947543520872454,-0.04446342043308339
-0.06858569298875124,-0.02309359136952579,-0.03174585731043463,-0.046531636383797446
-0.06610147392354011,-0.02467295129036321,-0.02842297931151965,-0.04836007873182019
-0.0635276258358392,-0.0260756212161202,-0.02499778418320176,-0.04994287303251525
-0.06087713315843883,-0.027296711907260823,-0.021489112608270675,-0.051275687825511264
-0.05816317024103199,-0.028332318561514396,-0.01791564987598122,-0.05235567274733764
-0.055399025262172434,-0.02917950983910438,-0.014295812288780237,-0.053181393150941475
-0.05259802764230349,-0.02983631108082114,-0.010647638718023105,-0.05375276254953804
-0.04977347904747604,-0.03030168191557403,-0.0069886837369377,-0.05407097390354887
-0.04693858802706223,-0.030575488239547977,-0.0033359073832467676,-0.05413843049489382
-0.04410640829681964,-0.03065846824594413,0.0002944456278400255,-0.053958676874237166
-0.041289780660520047,-0.03055219173467918,0.003886988186716986,-0.05353633012271337
-0.03850127855918049,-0.030259011230537456,0.007427372102224277,-0.052877011423385634
-0.08703385833466455,0.022914102629639867,-0.055270316117012566,0.014484646137401873
-0.08770054315150032,0.019993155548846245,-0.05632134598740204,0.01084208140256489
-0.0881739911879566,0.017023972238501123,-0.05709742613208903,0.007098956105573027
-0.08844955742761686,0.01402118537826904,-0.05758922248663226,0.003280950149971782
-0.08852395980999597,0.010999846706592872,-0.05779032589852364,-0.0005855782934353513
-0.08839530532721014,0.007975273743144997,-0.057697240892323136,-0.004473989846250895
-0.08806309584374981,0.004962898471398641,-0.05730931719493665,-0.00835773615940344
-0.0875282151249167,0.001978120787491027,-0.05662863263642745,-0.012210699836848688
-0.0867928988978882,-0.0009638309451838012,-0.05565983658113979,-0.01600749690620198
-0.08586068998785397,-0.003848030378738084,-0.054409963044917124,-0.019723738878766526
-0.08473638068130311,-0.006659973315963885,-0.05288822222335885,-0.02333625336127752
-0.08342594448460779,-0.00938568655464724,-0.05110577840492055,-0.026823263783271295
-0.08193645938575228,-0.01201182489480241,-0.04907552128508481,-0.030164530068240117
-0.08027602460816802,-0.014525756106258286,-0.046811836623914575,-0.0333414530072855
-0.07845367268509028,-0.016915633940445936,-0.0443303810836649,-0.03633714571906225
-0.07647927849584892,-0.019170459498776583,-0.04164786500353635,-0.03913647593477106
-0.07436346670530555,-0.021280131443628968,-0.038781845861459184,-0.041726082978612064
-0.07211751884478033,-0.023235485660647072,-0.0357505342633819,-0.044094373267156727
-0.0697532810757936,-0.025028325058735697,-0.03257261350086724,-0.04623149796919388
-0.06728307349276981,-0.026651440232314486,-0.02926707303061018,-0.0481293161924154
-0.06471960165173907,-0.02809862171497256,-0.02585305564178631,-0.04978134672619273
-0.06207587086153227,-0.029364664529452383,-0.022349717571089583,-0.0511827109999499
-0.059365103643249,-0.030445365689454443,-0.018776100371922233,-0.05233006953457817
-0.05660066065315578,-0.03133751523628871,-0.015151012902501874,-0.053221553785410596
-0.05379596527329066,-0.032038881297014356,-0.011492921309996408,-0.05385669490632815
-0.0509644320022657,-0.0325481895265859,-0.007819844270484183,-0.05423635061065543
-0.048119398725475875,-0.032865097135117594,-0.004149249864535458,-0.05436263095927905
-0.045274062908889974,-0.03299016148464266,-0.0004979491086732192,-0.054238823560299014
-0.042441421744552635,-0.032924802935392176,0.0031180210521565953,-0.05386931828939758
-0.039634216281380634,-0.032671261171664155,0.00668353623520804,-0.05325953119925571
-0.03686487960729408,-0.03223254353725514,0.010184562103006342,-0.05241582669560611
-0.08811381292921107,0.018327699446898483,-0.05595263787611212,0.011572170587446019
-0.08862671351906776,0.015375863835160507,-0.056811590238018204,0.007879591207676116
-0.08894411766363726,0.012385971331629976,-0.05739070675008391,0.004100978837316806
-0.0890621525276182,0.00937287766376758,-0.057682010122187266,0.0002624666936936212
-0.08897832829560254,0.0063517857119068455,-0.05768047946541588,-0.0036092877462264436
-0.08869155621104527,0.0033380910759696525,-0.057384018292098056,-0.00748749867333757
-0.08820214646872711,0.00034723066083030125,-0.05679336665355235,-0.011345620089492834
-0.08751178759106967,-0.0026054629951005994,-0.055911966411146645,-0.015157679136856271
-0.08662350923222475,-0.005504899407288954,-0.05474578905189709,-0.018898569959825053
-0.08554163054675235,-0.008336358101034306,-0.05330313534665258,-0.02254430562522358
-0.08427169634451083,-0.011085605565520965,-0.051594415618119165,-0.026072227521135624
-0.08282040324628939,-0.013739000377492263,-0.04963191855212205,-0.02946117321484739
-0.08119551797373643,-0.01628358605936533,-0.04742957546302132,-0.03269160496271094
-0.07940578977042757,-0.018707171573602736,-0.045002725803081574,-0.035745701937909595
-0.07746085877556945,-0.020998399632771884,-0.04236788856872706,-0.03860741980836181
-0.07537116197318892,-0.02314680322314469,-0.03954254315997742,-0.04126252159511146
-0.07314783813057721,-0.025142850902628057,-0.036544922236594266,-0.0436985838200856
-0.0708026329307972,-0.026977981545699824,-0.033393818208798776,-0.045904981857944976
-0.06834780530321552,-0.02864462927527596,-0.03010840421134971,-0.04787285818288271
-0.06579603576913116,-0.03013623934994381,-0.026708069737936813,-0.04959507689077623
-0.06316033745041515,-0.031447275770575045,-0.023212270543566116,-0.05106616750944886
-0.06045397024003402,-0.0325732213384233,-0.01964039193662473,-0.052282260714200245
-0.05769035850538992,-0.033510570840523356,-0.01601162414956608,-0.053241018160468424
-0.05488301258869259,-0.034256817960044386,-0.012344848055790777,-0.053941558243941055
-0.05204545428290563,-0.03481043640828464,-0.008658529032765731,-0.05438437920450911
-0.049191146396601784,-0.035170855647255056,-0.004970616173351313,-0.05457128060467165
-0.046333426476307435,-0.035338431407838516,-0.0012984431866654024,-0.05450528382225022
-0.04348544473124629,-0.03531441099022691,0.0023413740097931453,-0.054190551780420385
-0.04066010620535137,-0.03510089302856621,0.00593305019750116,-0.05363230764753631
-0.037870017270355445,-0.03470078095272972,0.009461765175445475,-0.05283675160280591
-0.03512743658285046,-0.0341177286825947,0.012913836926982619,-0.05181097383023362
-0.0889522536872447,0.013691061313916966,-0.056481597344013076,0.00862797652227972
-0.08930996422525674,0.01071642794746948,-0.05714611786871656,0.004895503600988992
-0.08947045449524113,0.00771402133828059,-0.057526683430055056,0.001091761071123589
-0.0894306344581869,0.004698879543093333,-0.0576166953774249,-0.002756736165548101
-0.08918881336816867,0.001686314914094725,-0.05741253484741409,-0.006623104392181925
-0.08874470970419103,-0.0013082410668138855,-0.05691351008644913,-0.010480484787008285
-0.08809944114109959,-0.004269388884843784,-0.05612174944183062,-0.014302406463541556
-0.08725549633031562,-0.007181905384725822,-0.055042049372325444,-0.018063112291949766
-0.08621669054889212,-0.010030879322760847,-0.053681687120196525,-0.021737843346813206
-0.0849881074422584,-0.012801836445230405,-0.052050207459458674,-0.025303079996995503
-0.08357602914570256,-0.015480852940773268,-0.05015919230595444,-0.028736739517615236
-0.08198785703945852,-0.01805465655529014,-0.048022021060444404,-0.032018331618465394
-0.08023202529079632,-0.02051071504639602,-0.04565362847140351,-0.035129074440346984
-0.0783179091823642,-0.02283731198398331,-0.04307026563892324,-0.038051974384172
-0.07625573003639148,-0.025023610171285217,-0.040289268616177945,-0.0407718736435389
-0.07405645833455426,-0.027059703168796138,-0.03732883795418569,-0.04327546955188293
-0.07173171641598683,-0.028936655554966856,-0.034207831520085885,-0.045551309880765514
-0.06929368192138838,-0.03064653265855132,-0.030945572019680585,-0.04758976808427657
-0.0667549929471065,-0.0321824205540383,-0.027561669878698635,-0.04938300221989352
-0.06412865568488378,-0.033538437130259974,-0.024075861482567566,-0.05092490093069117
-0.06142795515436692,-0.03470973502916484,-0.020507862225248016,-0.052211019477128286
-0.058666369488218455,-0.03569249721184456,-0.01687723335304905,-0.05323850838592859
-0.05585748810488198,-0.03648392584621266,-0.013203261178370397,-0.05400603685631918
-0.05301493400160178,-0.03708222512693784,-0.009504846838639787,-0.05451371264075841
-0.05015229031997136,-0.03748657853300539,-0.005800404329301836,-0.054762999699502116
-0.047283031277905674,-0.03769712089729383,-0.002107763962789511,-0.05475663451175288
-0.044420457525770556,-0.037714905496419045,0.0015559224337253904,-0.05449854149088039
-0.04157763597223457,-0.037541866149966095,0.005174279584848634,-0.05399374746485055
-0.03876734414129427,-0.0371807740137878,0.00873181726465608,-0.05324829457834966
-0.03600201917430859,-0.03663518830522866,0.01221406007501561,-0.052269150142849954
-0.03329371169641582,-0.03590939950511178,0.015607715821572533,-0.051064110686928
-0.08954688250090084,0.009016896933525243,-0.056855744679582106,0.005660133773188144
-0.08974842252734702,0.006027619075658482,-0.05732401196251515,0.0018979977592151218
-0.08975155903007233,0.0030209277486310773,-0.05750498346937565,-0.0019204491362786024
-0.08955399323593553,1.2002120205198705e-5,-0.05739345727552043,-0.005768383002579738
-0.08915483810271464,-0.0029837779556852375,-0.05698722646209217,-0.009618767569367654
-0.08855462011658986,-0.005950987411770622,-0.05628700590566255,-0.01344474462037085
-0.08775526136900558,-0.008874306332345877,-0.05529630641586382,-0.017219990935624516
-0.0867600438191589,-0.011738662670900667,-0.05402126590210084,-0.020919035711802588
-0.08557355790959688,-0.014529365295243901,-0.05247044741546799,-0.02451753481616343
-0.08420163784269993,-0.017232225845571023,-0.05065461357158389,-0.02799250038529153
-0.08265128586028861,-0.01983366837417605,-0.04858648613420182,-0.03132248610854582
-0.08093058781537187,-0.022320826174433216,-0.04628049854700975,-0.03448773000068328
-0.07904862220337867,-0.02468162558916822,-0.04375254805749106,-0.0374702575667345
-0.07701536464902795,-0.02690485690961759,-0.04101975287042659,-0.04025394901360924
-0.07484158964164009,-0.028980232733686797,-0.038100218578823966,-0.04282457460707451
-0.07253877109121228,-0.030898434348955565,-0.03501281699825807,-0.0451698024546545
-0.07011898305269448,-0.03265114684578531,-0.031776979515137575,-0.04727918296728994
-0.06759480174636587,-0.03423108375559728,-0.028412506168657543,-0.0491441140642146
-0.06497920979539921,-0.03563200205503114,-0.024939390924698223,-0.05075779088039144
-0.06228550341292001,-0.03684870838562858,-0.021377662964367317,-0.05211514335690134
-0.059527203103034866,-0.03787705731667874,-0.017747243282057158,-0.05321276466956358
-0.05671796829547383,-0.038713942431358304,-0.014067815445973918,-0.054048833006735804
-0.05387151621207359,-0.03935728094711801,-0.010358708986031901,-0.05462302875905886
-0.05100154516542483,-0.03980599249230399,-0.00663879349697771,-0.05493644874042742
-0.048121662415302975,-0.040059972551622455,-0.002926381120754089,-0.05499151861884818
-0.04524531665707112,-0.040120060959243024,0.00076086548228523,-0.054791904289725475
-0.04238573518877351,-0.039988005650560085,0.0044060233788769535,-0.05434242244543347
-0.03955586580303999,-0.039666421664083566,0.007993002819219788,-0.05364895004053768
-0.03676832348162248,-0.0391587450818348,0.011506651027628923,-0.052718331634968765
-0.034035342046166754,-0.03846918115305728,0.01493287708490928,-0.05155828257553591
-0.03136873106043145,-0.0376026451596122,0.0182588150519745,-0.0501772843656536
-0.08989606953396663,0.004318017865396863,-0.05707405437097867,0.0026767769908571165
-0.08994088664164378,0.001322288918937813,-0.0573447849240674,-0.0011047103624912326
-0.08978666078017414,-0.0016804459939896092,-0.05732566634612918,-0.004927395526085312
-0.08943189074306401,-0.004674908199662533,-0.05701290769659395,-0.008764219102756132
-0.08887649562311534,-0.007645692497487792,-0.05640572005017115,-0.012588066373235705
-0.08812180847062306,-0.010577422513880465,-0.05550622295415059,-0.016372153343258616
-0.08717055052530899,-0.013454899923037474,-0.054319300057609515,-0.020090376609495718
-0.08602678805852694,-0.016263245098638506,-0.052852413897010654,-0.023717621508831672
-0.08469587409623387,-0.01898802728737968,-0.05111538986154929,-0.02723002542677839
-0.0831843774066154,-0.021615382912669213,-0.0491201789088686,-0.030605195275766876
-0.08150000114536769,-0.02413212110118888,-0.04688060778116022,-0.0338223799422522
-0.07965149347551648,-0.02652581596053532,-0.04441212440397609,-0.03686259991218191
-0.07764855233711852,-0.028784885511799356,-0.041731544950555595,-0.03970873732165588
-0.07550172635447648,-0.030898657492596137,-0.03885680781055926,-0.042345590366816836
-0.07322231365187143,-0.03285742249256299,-0.035806738490660364,-0.044759896388316144
-0.07082226011843087,-0.034652475068291215,-0.032600828344647795,-0.046940328068609316
-0.0683140584307815,-0.03627614361266092,-0.029259029018129257,-0.04887746709963964
-0.06571064891822734,-0.03772180983144948,-0.02580156361315517,-0.05056375944346717
-0.06302532314630595,-0.03898391871514651,-0.0222487548336892,-0.05199345596421634
-0.06027163090552593,-0.04005797989263929,-0.01862086975792541,-0.053162541797650016
-0.057463291125693775,-0.04094056122289679,-0.014937980378624248,-0.05406865737281324
-0.05461410709405986,-0.041629275425647275,-0.011219838634602715,-0.054711013533158055
-0.0517378862379024,-0.04212276047664591,-0.007485764292388244,-0.0550903027367712
-0.048848364639033325,-0.04242065439913911,-0.003754543683796676,-0.055208607852685984
-0.045959136378861315,-0.04252356497001785,-4.433690496487629e-5,-0.055069309608073796
-0.04308358776825187,-0.042433034722820354,0.003627409447959537,-0.0546769932665777
-0.04023483649782857,-0.04215150146074979,0.0072440477202062705,-0.05403735459735702
-0.037425675755182845,-0.04168225427360576,0.010789817788450388,-0.05315710457325697
-0.03466852340303087,-0.04102938475150962,0.014249945859952786,-0.0520438714089794
-0.03197537641125159,-0.04019773264931424,0.017610764116684708,-0.050706097339455775
-0.029357770913031163,-0.0391928245774638,0.020859868139473863,-0.04915292559571131
-0.08999885768901911,-0.0003926965895599054,-0.05713592804651327,-0.00031391665114531087
-0.08988682903735026,-0.0033866655397974295,-0.057208379816129994,-0.004104390549881256
-0.08957566353405162,-0.006377213750948179,-0.05698922355608601,-0.007920836267254632
-0.08906466165398047,-0.0093490049210989,-0.05647608970058966,-0.011736033087563096
-0.08835454884672311,-0.01228665072759903,-0.05566960948030616,-0.015522862162162497
-0.08744746107289036,-0.015174865636103861,-0.05457330130371134,-0.019254687131849368
-0.08634691126175438,-0.017998614568276936,-0.053193408273585784,-0.02290569595754782
-0.08505773885145694,-0.020743251102000503,-0.051538697099155,-0.02645119895389653
-0.08358604477909211,-0.023394644416560337,-0.04962022857700754,-0.029867880430435038
-0.08193911437411505,-0.025939293717667667,-0.04745110925006516,-0.0331340034533319
-0.08012533059228545,-0.028364429361662245,-0.04504623294082181,-0.036229568983501506
-0.07815407992853432,-0.03065810032887015,-0.04242201971500001,-0.03913643199960806
-0.07603565318617021,-0.03280924806405303,-0.03959615857963359,-0.041838378187700274
-0.07378114307603131,-0.03480776700312387,-0.03658735894138723,-0.044321165400237776
-0.07140234038998648,-0.03664455234026927,-0.03341511462118941,-0.046572534404775684
-0.06891163025344409,-0.03831153576212219,-0.03009948308660092,-0.048582193506111516
-0.06632188972314562,-0.0398017099914075,-0.026660881556352573,-0.050341781492097996
-0.06364638776887882,-0.041109143048557076,-0.023119900765233528,-0.0518448130727303
-0.06089868846729114,-0.04222898316379428,-0.01949713645217297,-0.05308661059926343
-0.05809255804723629,-0.04315745526115237,-0.015813038041796068,-0.05406422540661495
-0.055241876261588864,-0.04389184989653716,-0.012087773509299737,-0.05477635164447109
-0.05236055242127028,-0.04443050546960109,-0.008341109025416899,-0.05522323497440199
-0.049462446313799625,-0.04477278444761564,-0.00459230163914786,-0.055406578023961726
-0.046561294140564924,-0.04491904424087926,-0.0008600029273535386,-0.05532944400832205
-0.04367063954417472,-0.04487060325259648,0.002837828835199755,-0.05499615944748444
-0.04080376976005367,-0.044629702487698424,0.006484010936475728,-0.05441221640543807
-0.037973656916725704,-0.04419946293534385,0.010062216630260185,-0.053584174116420115
-0.03519290453149981,-0.04358383872145346,0.013557058617114835,-0.05251955917724604
-0.0324736993115628,-0.042787565729489614,0.016954182581177132,-0.051226762548986136
-0.029827768492167218,-0.04181610495447895,0.020240381268125652,-0.04971493021510493
-0.027266343156184033,-0.04067557918740015,0.023403745778354624,-0.047993842073290716